{"number_episodes": 15, "episode_rewards": [843.296226415074, 937.2999999999937, 911.3999999999802, 848.8795918367216, 767.4496688741618, 942.6999999999973, 942.3999999999949, 866.3429530201142, 862.8629629629444, 773.546209386269, 927.8999999999887, 724.3274809160152, 930.3999999999877, 838.1352941176368, 882.4783972125257], "mean_all_episodes": 866.6279189827603, "std_all_episodes": 66.85069799243911}