{"number_episodes": 15, "episode_rewards": [931.9999999999894, 886.7852459016246, 723.42941176469, 913.5999999999902, 872.3770642201616, 888.7059701492342, 896.2369963369815, 809.3202898550583, 929.899999999987, 754.0666666666459, 679.1642140468047, 909.8999999999821, 881.324148606798, 288.78888888887286, 928.3999999999938], "mean_all_episodes": 819.5999264291208, "std_all_episodes": 161.3520185864465}