{"number_episodes": 15, "episode_rewards": [871.9279720279528, 780.7664259927662, 365.5249999999843, 846.3285714285513, 265.75365853656945, 883.177591973222, 815.9583941605632, 186.07363344051868, 303.7461538461364, 834.1560553633094, 836.0702127659414, 832.3324324324108, 408.61080139371063, 829.518768328426, 847.2684210526097], "mean_all_episodes": 660.480939516178, "std_all_episodes": 255.60972199294346}