{"number_episodes": 15, "episode_rewards": [-93.0078014184387, -93.64838709677315, -93.8304075235099, -93.4333333333323, -92.90575539568243, -93.15555555555453, -93.0078014184387, -93.49933993399236, -93.84999999999894, -93.10699300699198, -92.90575539568243, -94.03939393939287, -92.19486166007808, -93.32033898304981, -93.88881987577534], "mean_all_episodes": -93.3196363024461, "std_all_episodes": 0.4769225188675801}