{"number_episodes": 15, "episode_rewards": [694.017647058804, 531.8444444444273, 892.437313432816, 337.6104377104203, 700.6662835248887, 429.93533568903734, 636.0563517915131, 465.2594771241669, 804.190429042899, 486.2309352517804, 927.1999999999905, 736.0774744027095, 664.0196013288884, 581.0594202898498, 613.6931034482573], "mean_all_episodes": 633.3532169693632, "std_all_episodes": 162.18001773798852}