{"number_episodes": 15, "episode_rewards": [381.2559322033864, 266.4338645418183, 455.84405594404075, 0.7481481481502499, 276.8470404984355, 807.8999999999855, 765.80038314175, 749.4297805642514, 528.9909090908959, 479.3701986754814, 469.13076923076096, 545.4696202531576, 718.4185185185034, 356.69012345678004, 160.7695652173964], "mean_all_episodes": 464.2065939656529, "std_all_episodes": 225.93668155346353}