{"number_episodes": 15, "episode_rewards": [-93.54262295081863, -92.5812030075178, -93.25068493150582, -94.09399399399292, -93.20344827586104, -92.0678714859428, -93.0078014184387, -93.27406143344606, -93.58534201954294, -92.34806201550289, -93.68974358974253, -93.1313588850164, -92.719926199261, -92.22598425196753, -92.34806201550289], "mean_all_episodes": -93.00467776493731, "std_all_episodes": 0.5818251797978774}