{"number_episodes": 15, "episode_rewards": [827.957553956815, 703.525377643484, 308.99090909089244, 848.0481481481303, 194.214381270905, 569.9680272108712, 800.5849315068315, 261.66470588233716, 196.31693811074953, 831.8999999999834, 858.2333333333107, 818.7191881918687, 818.3290030211255, 836.5666666666525, 256.7904593639405], "mean_all_episodes": 608.7873082265265, "std_all_episodes": 268.41402587315116}