{"number_episodes": 16, "episode_rewards": [900.3999999999909, 920.5999999999927, 727.5999999999416, 823.2999999999728, 822.8999999999609, 927.1999999999941, 807.6999999999656, 926.299999999992, 933.9999999999922, 939.9999999999872, 889.8999999999745, 932.7999999999872, 839.5999999999793, 922.9999999999824, 880.6999999999805, 866.8999999999788], "mean_all_episodes": 878.9312499999795, "std_all_episodes": 58.310180487106955}