{"number_episodes": 1, "episode_rewards": [-14.278723404254762], "mean_all_episodes": -14.278723404254762, "std_all_episodes": 0.0}