{"number_episodes": 15, "episode_rewards": [-38.56153846153925, -22.033085501859144, 41.09473684210579, 29.253405017921608, -25.750557620818515, -26.673426573427303, -32.79230769230851, -22.580620155039203, 28.181412639405636, -28.15755395683534, -28.671428571429384, -21.448314606741942, -24.01304347826142, -28.41541218638076, -39.23043478260952], "mean_all_episodes": -15.986544605854483, "std_all_episodes": 25.08045272364044}